SampleID	FwIndex	FwPrimer	RvIndex	RvPrimer
S001	AAGAAAGTTGTCGGTGTCTTTGTG	CCCAGTCACGACGTTGTAAAACG	AAGAAAGTTGTCGGTGTCTTTGTG	AGCGGATAACAATTTCACACAGG
S002	AAGAAAGTTGTCGGTGTCTTTGTG	CCCAGTCACGACGTTGTAAAACG	TCGATTCCGTTTGTAGTCGTCTGT	AGCGGATAACAATTTCACACAGG
S003	AAGAAAGTTGTCGGTGTCTTTGTG	CCCAGTCACGACGTTGTAAAACG	GAGTCTTGTGTCCCAGTTACCAGG	AGCGGATAACAATTTCACACAGG
S004	AAGAAAGTTGTCGGTGTCTTTGTG	CCCAGTCACGACGTTGTAAAACG	TTCGGATTCTATCGTGTTTCCCTA	AGCGGATAACAATTTCACACAGG
S005	AAGAAAGTTGTCGGTGTCTTTGTG	CCCAGTCACGACGTTGTAAAACG	CTTGTCCAGGGTTTGTGTAACCTT	AGCGGATAACAATTTCACACAGG
S006	AAGAAAGTTGTCGGTGTCTTTGTG	CCCAGTCACGACGTTGTAAAACG	TTCTCGCAAAGGCAGAAAGTAGTC	AGCGGATAACAATTTCACACAGG
S007	AAGAAAGTTGTCGGTGTCTTTGTG	CCCAGTCACGACGTTGTAAAACG	GTGTTACCGTGGGAATGAATCCTT	AGCGGATAACAATTTCACACAGG
S008	AAGAAAGTTGTCGGTGTCTTTGTG	CCCAGTCACGACGTTGTAAAACG	TTCAGGGAACAAACCAAGTTACGT	AGCGGATAACAATTTCACACAGG
S009	AAGAAAGTTGTCGGTGTCTTTGTG	CCCAGTCACGACGTTGTAAAACG	AACTAGGCACAGCGAGTCTTGGTT	AGCGGATAACAATTTCACACAGG
S010	AAGAAAGTTGTCGGTGTCTTTGTG	CCCAGTCACGACGTTGTAAAACG	AAGCGTTGAAACCTTTGTCCTCTC	AGCGGATAACAATTTCACACAGG
S011	AAGAAAGTTGTCGGTGTCTTTGTG	CCCAGTCACGACGTTGTAAAACG	GTTTCATCTATCGGAGGGAATGGA	AGCGGATAACAATTTCACACAGG
S012	AAGAAAGTTGTCGGTGTCTTTGTG	CCCAGTCACGACGTTGTAAAACG	CAGGTAGAAAGAAGCAGAATCGGA	AGCGGATAACAATTTCACACAGG
S013	TCGATTCCGTTTGTAGTCGTCTGT	CCCAGTCACGACGTTGTAAAACG	AGAACGACTTCCATACTCGTGTGA	AGCGGATAACAATTTCACACAGG
S014	TCGATTCCGTTTGTAGTCGTCTGT	CCCAGTCACGACGTTGTAAAACG	AACGAGTCTCTTGGGACCCATAGA	AGCGGATAACAATTTCACACAGG
S015	TCGATTCCGTTTGTAGTCGTCTGT	CCCAGTCACGACGTTGTAAAACG	AGGTCTACCTCGCTAACACCACTG	AGCGGATAACAATTTCACACAGG
S016	TCGATTCCGTTTGTAGTCGTCTGT	CCCAGTCACGACGTTGTAAAACG	CGTCAACTGACAGTGGTTCGTACT	AGCGGATAACAATTTCACACAGG
S017	TCGATTCCGTTTGTAGTCGTCTGT	CCCAGTCACGACGTTGTAAAACG	ACCCTCCAGGAAAGTACCTCTGAT	AGCGGATAACAATTTCACACAGG
S018	TCGATTCCGTTTGTAGTCGTCTGT	CCCAGTCACGACGTTGTAAAACG	CCAAACCCAACAACCTAGATAGGC	AGCGGATAACAATTTCACACAGG
S019	TCGATTCCGTTTGTAGTCGTCTGT	CCCAGTCACGACGTTGTAAAACG	GTTCCTCGTGCAGTGTCAAGAGAT	AGCGGATAACAATTTCACACAGG
S020	TCGATTCCGTTTGTAGTCGTCTGT	CCCAGTCACGACGTTGTAAAACG	TTGCGTCCTGTTACGAGAACTCAT	AGCGGATAACAATTTCACACAGG
S021	TCGATTCCGTTTGTAGTCGTCTGT	CCCAGTCACGACGTTGTAAAACG	GAGCCTCTCATTGTCCGTTCTCTA	AGCGGATAACAATTTCACACAGG
S022	TCGATTCCGTTTGTAGTCGTCTGT	CCCAGTCACGACGTTGTAAAACG	ACCACTGCCATGTATCAAAGTACG	AGCGGATAACAATTTCACACAGG
S023	TCGATTCCGTTTGTAGTCGTCTGT	CCCAGTCACGACGTTGTAAAACG	CTTACTACCCAGTGAACCTCCTCG	AGCGGATAACAATTTCACACAGG
S024	TCGATTCCGTTTGTAGTCGTCTGT	CCCAGTCACGACGTTGTAAAACG	GCATAGTTCTGCATGATGGGTTAG	AGCGGATAACAATTTCACACAGG
S025	GAGTCTTGTGTCCCAGTTACCAGG	CCCAGTCACGACGTTGTAAAACG	GTAAGTTGGGTATGCAACGCAATG	AGCGGATAACAATTTCACACAGG
S026	GAGTCTTGTGTCCCAGTTACCAGG	CCCAGTCACGACGTTGTAAAACG	CATACAGCGACTACGCATTCTCAT	AGCGGATAACAATTTCACACAGG
S027	GAGTCTTGTGTCCCAGTTACCAGG	CCCAGTCACGACGTTGTAAAACG	CGACGGTTAGATTCACCTCTTACA	AGCGGATAACAATTTCACACAGG
S028	GAGTCTTGTGTCCCAGTTACCAGG	CCCAGTCACGACGTTGTAAAACG	TGAAACCTAAGAAGGCACCGTATC	AGCGGATAACAATTTCACACAGG
S029	GAGTCTTGTGTCCCAGTTACCAGG	CCCAGTCACGACGTTGTAAAACG	CTAGACACCTTGGGTTGACAGACC	AGCGGATAACAATTTCACACAGG
S030	GAGTCTTGTGTCCCAGTTACCAGG	CCCAGTCACGACGTTGTAAAACG	TCAGTGAGGATCTACTTCGACCCA	AGCGGATAACAATTTCACACAGG
S031	GAGTCTTGTGTCCCAGTTACCAGG	CCCAGTCACGACGTTGTAAAACG	TGCGTACAGCAATCAGTTACATTG	AGCGGATAACAATTTCACACAGG
S032	GAGTCTTGTGTCCCAGTTACCAGG	CCCAGTCACGACGTTGTAAAACG	CCAGTAGAAGTCCGACAACGTCAT	AGCGGATAACAATTTCACACAGG
S033	GAGTCTTGTGTCCCAGTTACCAGG	CCCAGTCACGACGTTGTAAAACG	CAGACTTGGTACGGTTGGGTAACT	AGCGGATAACAATTTCACACAGG
S034	GAGTCTTGTGTCCCAGTTACCAGG	CCCAGTCACGACGTTGTAAAACG	GGACGAAGAACTCAAGTCAAAGGC	AGCGGATAACAATTTCACACAGG
S035	GAGTCTTGTGTCCCAGTTACCAGG	CCCAGTCACGACGTTGTAAAACG	CTACTTACGAAGCTGAGGGACTGC	AGCGGATAACAATTTCACACAGG
S036	GAGTCTTGTGTCCCAGTTACCAGG	CCCAGTCACGACGTTGTAAAACG	ATGTCCCAGTTAGAGGAGGAAACA	AGCGGATAACAATTTCACACAGG
S037	TTCGGATTCTATCGTGTTTCCCTA	CCCAGTCACGACGTTGTAAAACG	GCTTGCGATTGATGCTTAGTATCA	AGCGGATAACAATTTCACACAGG
S038	TTCGGATTCTATCGTGTTTCCCTA	CCCAGTCACGACGTTGTAAAACG	ACCACAGGAGGACGATACAGAGAA	AGCGGATAACAATTTCACACAGG
S039	TTCGGATTCTATCGTGTTTCCCTA	CCCAGTCACGACGTTGTAAAACG	CCACAGTGTCAACTAGAGCCTCTC	AGCGGATAACAATTTCACACAGG
S040	TTCGGATTCTATCGTGTTTCCCTA	CCCAGTCACGACGTTGTAAAACG	TAGTTTGGATGACCAAGGATAGCC	AGCGGATAACAATTTCACACAGG
S041	TTCGGATTCTATCGTGTTTCCCTA	CCCAGTCACGACGTTGTAAAACG	GGAGTTCGTCCAGAGAAGTACACG	AGCGGATAACAATTTCACACAGG
S042	TTCGGATTCTATCGTGTTTCCCTA	CCCAGTCACGACGTTGTAAAACG	CTACGTGTAAGGCATACCTGCCAG	AGCGGATAACAATTTCACACAGG
S043	TTCGGATTCTATCGTGTTTCCCTA	CCCAGTCACGACGTTGTAAAACG	CTTTCGTTGTTGACTCGACGGTAG	AGCGGATAACAATTTCACACAGG
S044	TTCGGATTCTATCGTGTTTCCCTA	CCCAGTCACGACGTTGTAAAACG	AGTAGAAAGGGTTCCTTCCCACTC	AGCGGATAACAATTTCACACAGG
S045	TTCGGATTCTATCGTGTTTCCCTA	CCCAGTCACGACGTTGTAAAACG	GATCCAACAGAGATGCCTTCAGTG	AGCGGATAACAATTTCACACAGG
S046	TTCGGATTCTATCGTGTTTCCCTA	CCCAGTCACGACGTTGTAAAACG	GCTGTGTTCCACTTCATTCTCCTG	AGCGGATAACAATTTCACACAGG
S047	TTCGGATTCTATCGTGTTTCCCTA	CCCAGTCACGACGTTGTAAAACG	GTGCAACTTTCCCACAGGTAGTTC	AGCGGATAACAATTTCACACAGG
S048	TTCGGATTCTATCGTGTTTCCCTA	CCCAGTCACGACGTTGTAAAACG	CATCTGGAACGTGGTACACCTGTA	AGCGGATAACAATTTCACACAGG
S049	CTTGTCCAGGGTTTGTGTAACCTT	CCCAGTCACGACGTTGTAAAACG	ACTGGTGCAGCTTTGAACATCTAG	AGCGGATAACAATTTCACACAGG
S050	CTTGTCCAGGGTTTGTGTAACCTT	CCCAGTCACGACGTTGTAAAACG	ATGGACTTTGGTAACTTCCTGCGT	AGCGGATAACAATTTCACACAGG
S051	CTTGTCCAGGGTTTGTGTAACCTT	CCCAGTCACGACGTTGTAAAACG	GTTGAATGAGCCTACTGGGTCCTC	AGCGGATAACAATTTCACACAGG
S052	CTTGTCCAGGGTTTGTGTAACCTT	CCCAGTCACGACGTTGTAAAACG	TGAGAGACAAGATTGTTCGTGGAC	AGCGGATAACAATTTCACACAGG
S053	CTTGTCCAGGGTTTGTGTAACCTT	CCCAGTCACGACGTTGTAAAACG	AGATTCAGACCGTCTCATGCAAAG	AGCGGATAACAATTTCACACAGG
S054	CTTGTCCAGGGTTTGTGTAACCTT	CCCAGTCACGACGTTGTAAAACG	CAAGAGCTTTGACTAAGGAGCATG	AGCGGATAACAATTTCACACAGG
S055	CTTGTCCAGGGTTTGTGTAACCTT	CCCAGTCACGACGTTGTAAAACG	TGGAAGATGAGACCCTGATCTACG	AGCGGATAACAATTTCACACAGG
S056	CTTGTCCAGGGTTTGTGTAACCTT	CCCAGTCACGACGTTGTAAAACG	TCACTACTCAACAGGTGGCATGAA	AGCGGATAACAATTTCACACAGG
S057	CTTGTCCAGGGTTTGTGTAACCTT	CCCAGTCACGACGTTGTAAAACG	GCTAGGTCAATCTCCTTCGGAAGT	AGCGGATAACAATTTCACACAGG
S058	CTTGTCCAGGGTTTGTGTAACCTT	CCCAGTCACGACGTTGTAAAACG	CAGGTTACTCCTCCGTGAGTCTGA	AGCGGATAACAATTTCACACAGG
S059	CTTGTCCAGGGTTTGTGTAACCTT	CCCAGTCACGACGTTGTAAAACG	TCAATCAAGAAGGGAAAGCAAGGT	AGCGGATAACAATTTCACACAGG
S060	CTTGTCCAGGGTTTGTGTAACCTT	CCCAGTCACGACGTTGTAAAACG	CATGTTCAACCAAGGCTTCTATGG	AGCGGATAACAATTTCACACAGG
S061	TTCTCGCAAAGGCAGAAAGTAGTC	CCCAGTCACGACGTTGTAAAACG	AGAGGGTACTATGTGCCTCAGCAC	AGCGGATAACAATTTCACACAGG
S062	TTCTCGCAAAGGCAGAAAGTAGTC	CCCAGTCACGACGTTGTAAAACG	CACCCACACTTACTTCAGGACGTA	AGCGGATAACAATTTCACACAGG
S063	TTCTCGCAAAGGCAGAAAGTAGTC	CCCAGTCACGACGTTGTAAAACG	TTCTGAAGTTCCTGGGTCTTGAAC	AGCGGATAACAATTTCACACAGG
S064	TTCTCGCAAAGGCAGAAAGTAGTC	CCCAGTCACGACGTTGTAAAACG	GACAGACACCGTTCATCGACTTTC	AGCGGATAACAATTTCACACAGG
S065	TTCTCGCAAAGGCAGAAAGTAGTC	CCCAGTCACGACGTTGTAAAACG	TTCTCAGTCTTCCTCCAGACAAGG	AGCGGATAACAATTTCACACAGG
S066	TTCTCGCAAAGGCAGAAAGTAGTC	CCCAGTCACGACGTTGTAAAACG	CCGATCCTTGTGGCTTCTAACTTC	AGCGGATAACAATTTCACACAGG
S067	TTCTCGCAAAGGCAGAAAGTAGTC	CCCAGTCACGACGTTGTAAAACG	GTTTGTCATACTCGTGTGCTCACC	AGCGGATAACAATTTCACACAGG
S068	TTCTCGCAAAGGCAGAAAGTAGTC	CCCAGTCACGACGTTGTAAAACG	GAATCTAAGCAAACACGAAGGTGG	AGCGGATAACAATTTCACACAGG
S069	TTCTCGCAAAGGCAGAAAGTAGTC	CCCAGTCACGACGTTGTAAAACG	TACAGTCCGAGCCTCATGTGATCT	AGCGGATAACAATTTCACACAGG
S070	TTCTCGCAAAGGCAGAAAGTAGTC	CCCAGTCACGACGTTGTAAAACG	ACCGAGATCCTACGAATGGAGTGT	AGCGGATAACAATTTCACACAGG
S071	TTCTCGCAAAGGCAGAAAGTAGTC	CCCAGTCACGACGTTGTAAAACG	CCTGGGAGCATCAGGTAGTAACAG	AGCGGATAACAATTTCACACAGG
S072	TTCTCGCAAAGGCAGAAAGTAGTC	CCCAGTCACGACGTTGTAAAACG	TAGCTGACTGTCTTCCATACCGAC	AGCGGATAACAATTTCACACAGG
S073	GTGTTACCGTGGGAATGAATCCTT	CCCAGTCACGACGTTGTAAAACG	AAGAAACAGGATGACAGAACCCTC	AGCGGATAACAATTTCACACAGG
S074	GTGTTACCGTGGGAATGAATCCTT	CCCAGTCACGACGTTGTAAAACG	TACAAGCATCCCAACACTTCCACT	AGCGGATAACAATTTCACACAGG
S075	GTGTTACCGTGGGAATGAATCCTT	CCCAGTCACGACGTTGTAAAACG	GACCATTGTGATGAACCCTGTTGT	AGCGGATAACAATTTCACACAGG
S076	GTGTTACCGTGGGAATGAATCCTT	CCCAGTCACGACGTTGTAAAACG	ATGCTTGTTACATCAACCCTGGAC	AGCGGATAACAATTTCACACAGG
S077	GTGTTACCGTGGGAATGAATCCTT	CCCAGTCACGACGTTGTAAAACG	CGACCTGTTTCTCAGGGATACAAC	AGCGGATAACAATTTCACACAGG
S078	GTGTTACCGTGGGAATGAATCCTT	CCCAGTCACGACGTTGTAAAACG	AACAACCGAACCTTTGAATCAGAA	AGCGGATAACAATTTCACACAGG
S079	GTGTTACCGTGGGAATGAATCCTT	CCCAGTCACGACGTTGTAAAACG	TCTCGGAGATAGTTCTCACTGCTG	AGCGGATAACAATTTCACACAGG
S080	GTGTTACCGTGGGAATGAATCCTT	CCCAGTCACGACGTTGTAAAACG	CGGATGAACATAGGATAGCGATTC	AGCGGATAACAATTTCACACAGG
S081	GTGTTACCGTGGGAATGAATCCTT	CCCAGTCACGACGTTGTAAAACG	CCTCATCTTGTGAAGTTGTTTCGG	AGCGGATAACAATTTCACACAGG
S082	GTGTTACCGTGGGAATGAATCCTT	CCCAGTCACGACGTTGTAAAACG	ACGGTATGTCGAGTTCCAGGACTA	AGCGGATAACAATTTCACACAGG
S083	GTGTTACCGTGGGAATGAATCCTT	CCCAGTCACGACGTTGTAAAACG	TGGCTTGATCTAGGTAAGGTCGAA	AGCGGATAACAATTTCACACAGG
S084	GTGTTACCGTGGGAATGAATCCTT	CCCAGTCACGACGTTGTAAAACG	GTAGTGGACCTAGAACCTGTGCCA	AGCGGATAACAATTTCACACAGG
S085	TTCAGGGAACAAACCAAGTTACGT	CCCAGTCACGACGTTGTAAAACG	AACGGAGGAGTTAGTTGGATGATC	AGCGGATAACAATTTCACACAGG
S086	TTCAGGGAACAAACCAAGTTACGT	CCCAGTCACGACGTTGTAAAACG	AGGTGATCCCAACAAGCGTAAGTA	AGCGGATAACAATTTCACACAGG
S087	TTCAGGGAACAAACCAAGTTACGT	CCCAGTCACGACGTTGTAAAACG	TACATGCTCCTGTTGTTAGGGAGG	AGCGGATAACAATTTCACACAGG
S088	TTCAGGGAACAAACCAAGTTACGT	CCCAGTCACGACGTTGTAAAACG	TCTTCTACTACCGATCCGAAGCAG	AGCGGATAACAATTTCACACAGG
S089	TTCAGGGAACAAACCAAGTTACGT	CCCAGTCACGACGTTGTAAAACG	ACAGCATCAATGTTTGGCTAGTTG	AGCGGATAACAATTTCACACAGG
S090	TTCAGGGAACAAACCAAGTTACGT	CCCAGTCACGACGTTGTAAAACG	GATGTAGAGGGTACGGTTTGAGGC	AGCGGATAACAATTTCACACAGG
S091	TTCAGGGAACAAACCAAGTTACGT	CCCAGTCACGACGTTGTAAAACG	GGCTCCATAGGAACTCACGCTACT	AGCGGATAACAATTTCACACAGG
S092	TTCAGGGAACAAACCAAGTTACGT	CCCAGTCACGACGTTGTAAAACG	TTGTGAGTGGAAAGATACAGGACC	AGCGGATAACAATTTCACACAGG
S093	TTCAGGGAACAAACCAAGTTACGT	CCCAGTCACGACGTTGTAAAACG	AGTTTCCATCACTTCAGACTTGGG	AGCGGATAACAATTTCACACAGG
S094	TTCAGGGAACAAACCAAGTTACGT	CCCAGTCACGACGTTGTAAAACG	GATTGTCCTCAAACTGCCACCTAC	AGCGGATAACAATTTCACACAGG
S095	TTCAGGGAACAAACCAAGTTACGT	CCCAGTCACGACGTTGTAAAACG	CCTGTCTGGAAGAAGAATGGACTT	AGCGGATAACAATTTCACACAGG
S096	TTCAGGGAACAAACCAAGTTACGT	CCCAGTCACGACGTTGTAAAACG	CTGAACGGTCATAGAGTCCACCAT	AGCGGATAACAATTTCACACAGG
S097	AACTAGGCACAGCGAGTCTTGGTT	CCCAGTCACGACGTTGTAAAACG	AAGAAAGTTGTCGGTGTCTTTGTG	AGCGGATAACAATTTCACACAGG
S098	AACTAGGCACAGCGAGTCTTGGTT	CCCAGTCACGACGTTGTAAAACG	TCGATTCCGTTTGTAGTCGTCTGT	AGCGGATAACAATTTCACACAGG
S099	AACTAGGCACAGCGAGTCTTGGTT	CCCAGTCACGACGTTGTAAAACG	GAGTCTTGTGTCCCAGTTACCAGG	AGCGGATAACAATTTCACACAGG
S100	AACTAGGCACAGCGAGTCTTGGTT	CCCAGTCACGACGTTGTAAAACG	TTCGGATTCTATCGTGTTTCCCTA	AGCGGATAACAATTTCACACAGG
S101	AACTAGGCACAGCGAGTCTTGGTT	CCCAGTCACGACGTTGTAAAACG	CTTGTCCAGGGTTTGTGTAACCTT	AGCGGATAACAATTTCACACAGG
S102	AACTAGGCACAGCGAGTCTTGGTT	CCCAGTCACGACGTTGTAAAACG	TTCTCGCAAAGGCAGAAAGTAGTC	AGCGGATAACAATTTCACACAGG
S103	AACTAGGCACAGCGAGTCTTGGTT	CCCAGTCACGACGTTGTAAAACG	GTGTTACCGTGGGAATGAATCCTT	AGCGGATAACAATTTCACACAGG
S104	AACTAGGCACAGCGAGTCTTGGTT	CCCAGTCACGACGTTGTAAAACG	TTCAGGGAACAAACCAAGTTACGT	AGCGGATAACAATTTCACACAGG
S105	AACTAGGCACAGCGAGTCTTGGTT	CCCAGTCACGACGTTGTAAAACG	AACTAGGCACAGCGAGTCTTGGTT	AGCGGATAACAATTTCACACAGG
S106	AACTAGGCACAGCGAGTCTTGGTT	CCCAGTCACGACGTTGTAAAACG	AAGCGTTGAAACCTTTGTCCTCTC	AGCGGATAACAATTTCACACAGG
S107	AACTAGGCACAGCGAGTCTTGGTT	CCCAGTCACGACGTTGTAAAACG	GTTTCATCTATCGGAGGGAATGGA	AGCGGATAACAATTTCACACAGG
S108	AACTAGGCACAGCGAGTCTTGGTT	CCCAGTCACGACGTTGTAAAACG	CAGGTAGAAAGAAGCAGAATCGGA	AGCGGATAACAATTTCACACAGG
S109	AAGCGTTGAAACCTTTGTCCTCTC	CCCAGTCACGACGTTGTAAAACG	AGAACGACTTCCATACTCGTGTGA	AGCGGATAACAATTTCACACAGG
S110	AAGCGTTGAAACCTTTGTCCTCTC	CCCAGTCACGACGTTGTAAAACG	AACGAGTCTCTTGGGACCCATAGA	AGCGGATAACAATTTCACACAGG
S111	AAGCGTTGAAACCTTTGTCCTCTC	CCCAGTCACGACGTTGTAAAACG	AGGTCTACCTCGCTAACACCACTG	AGCGGATAACAATTTCACACAGG
S112	AAGCGTTGAAACCTTTGTCCTCTC	CCCAGTCACGACGTTGTAAAACG	CGTCAACTGACAGTGGTTCGTACT	AGCGGATAACAATTTCACACAGG
S113	AAGCGTTGAAACCTTTGTCCTCTC	CCCAGTCACGACGTTGTAAAACG	ACCCTCCAGGAAAGTACCTCTGAT	AGCGGATAACAATTTCACACAGG
S114	AAGCGTTGAAACCTTTGTCCTCTC	CCCAGTCACGACGTTGTAAAACG	CCAAACCCAACAACCTAGATAGGC	AGCGGATAACAATTTCACACAGG
S115	AAGCGTTGAAACCTTTGTCCTCTC	CCCAGTCACGACGTTGTAAAACG	GTTCCTCGTGCAGTGTCAAGAGAT	AGCGGATAACAATTTCACACAGG
S116	AAGCGTTGAAACCTTTGTCCTCTC	CCCAGTCACGACGTTGTAAAACG	TTGCGTCCTGTTACGAGAACTCAT	AGCGGATAACAATTTCACACAGG
S117	AAGCGTTGAAACCTTTGTCCTCTC	CCCAGTCACGACGTTGTAAAACG	GAGCCTCTCATTGTCCGTTCTCTA	AGCGGATAACAATTTCACACAGG
S118	AAGCGTTGAAACCTTTGTCCTCTC	CCCAGTCACGACGTTGTAAAACG	ACCACTGCCATGTATCAAAGTACG	AGCGGATAACAATTTCACACAGG
S119	AAGCGTTGAAACCTTTGTCCTCTC	CCCAGTCACGACGTTGTAAAACG	CTTACTACCCAGTGAACCTCCTCG	AGCGGATAACAATTTCACACAGG
S120	AAGCGTTGAAACCTTTGTCCTCTC	CCCAGTCACGACGTTGTAAAACG	GCATAGTTCTGCATGATGGGTTAG	AGCGGATAACAATTTCACACAGG
S121	GTTTCATCTATCGGAGGGAATGGA	CCCAGTCACGACGTTGTAAAACG	GTAAGTTGGGTATGCAACGCAATG	AGCGGATAACAATTTCACACAGG
S122	GTTTCATCTATCGGAGGGAATGGA	CCCAGTCACGACGTTGTAAAACG	CATACAGCGACTACGCATTCTCAT	AGCGGATAACAATTTCACACAGG
S123	GTTTCATCTATCGGAGGGAATGGA	CCCAGTCACGACGTTGTAAAACG	CGACGGTTAGATTCACCTCTTACA	AGCGGATAACAATTTCACACAGG
S124	GTTTCATCTATCGGAGGGAATGGA	CCCAGTCACGACGTTGTAAAACG	TGAAACCTAAGAAGGCACCGTATC	AGCGGATAACAATTTCACACAGG
S125	GTTTCATCTATCGGAGGGAATGGA	CCCAGTCACGACGTTGTAAAACG	CTAGACACCTTGGGTTGACAGACC	AGCGGATAACAATTTCACACAGG
S126	GTTTCATCTATCGGAGGGAATGGA	CCCAGTCACGACGTTGTAAAACG	TCAGTGAGGATCTACTTCGACCCA	AGCGGATAACAATTTCACACAGG
S127	GTTTCATCTATCGGAGGGAATGGA	CCCAGTCACGACGTTGTAAAACG	TGCGTACAGCAATCAGTTACATTG	AGCGGATAACAATTTCACACAGG
S128	GTTTCATCTATCGGAGGGAATGGA	CCCAGTCACGACGTTGTAAAACG	CCAGTAGAAGTCCGACAACGTCAT	AGCGGATAACAATTTCACACAGG
S129	GTTTCATCTATCGGAGGGAATGGA	CCCAGTCACGACGTTGTAAAACG	CAGACTTGGTACGGTTGGGTAACT	AGCGGATAACAATTTCACACAGG
S130	GTTTCATCTATCGGAGGGAATGGA	CCCAGTCACGACGTTGTAAAACG	GGACGAAGAACTCAAGTCAAAGGC	AGCGGATAACAATTTCACACAGG
S131	GTTTCATCTATCGGAGGGAATGGA	CCCAGTCACGACGTTGTAAAACG	CTACTTACGAAGCTGAGGGACTGC	AGCGGATAACAATTTCACACAGG
S132	GTTTCATCTATCGGAGGGAATGGA	CCCAGTCACGACGTTGTAAAACG	ATGTCCCAGTTAGAGGAGGAAACA	AGCGGATAACAATTTCACACAGG
S133	CAGGTAGAAAGAAGCAGAATCGGA	CCCAGTCACGACGTTGTAAAACG	GCTTGCGATTGATGCTTAGTATCA	AGCGGATAACAATTTCACACAGG
S134	CAGGTAGAAAGAAGCAGAATCGGA	CCCAGTCACGACGTTGTAAAACG	ACCACAGGAGGACGATACAGAGAA	AGCGGATAACAATTTCACACAGG
S135	CAGGTAGAAAGAAGCAGAATCGGA	CCCAGTCACGACGTTGTAAAACG	CCACAGTGTCAACTAGAGCCTCTC	AGCGGATAACAATTTCACACAGG
S136	CAGGTAGAAAGAAGCAGAATCGGA	CCCAGTCACGACGTTGTAAAACG	TAGTTTGGATGACCAAGGATAGCC	AGCGGATAACAATTTCACACAGG
S137	CAGGTAGAAAGAAGCAGAATCGGA	CCCAGTCACGACGTTGTAAAACG	GGAGTTCGTCCAGAGAAGTACACG	AGCGGATAACAATTTCACACAGG
S138	CAGGTAGAAAGAAGCAGAATCGGA	CCCAGTCACGACGTTGTAAAACG	CTACGTGTAAGGCATACCTGCCAG	AGCGGATAACAATTTCACACAGG
S139	CAGGTAGAAAGAAGCAGAATCGGA	CCCAGTCACGACGTTGTAAAACG	CTTTCGTTGTTGACTCGACGGTAG	AGCGGATAACAATTTCACACAGG
S140	CAGGTAGAAAGAAGCAGAATCGGA	CCCAGTCACGACGTTGTAAAACG	AGTAGAAAGGGTTCCTTCCCACTC	AGCGGATAACAATTTCACACAGG
S141	CAGGTAGAAAGAAGCAGAATCGGA	CCCAGTCACGACGTTGTAAAACG	GATCCAACAGAGATGCCTTCAGTG	AGCGGATAACAATTTCACACAGG
S142	CAGGTAGAAAGAAGCAGAATCGGA	CCCAGTCACGACGTTGTAAAACG	GCTGTGTTCCACTTCATTCTCCTG	AGCGGATAACAATTTCACACAGG
S143	CAGGTAGAAAGAAGCAGAATCGGA	CCCAGTCACGACGTTGTAAAACG	GTGCAACTTTCCCACAGGTAGTTC	AGCGGATAACAATTTCACACAGG
S144	CAGGTAGAAAGAAGCAGAATCGGA	CCCAGTCACGACGTTGTAAAACG	CATCTGGAACGTGGTACACCTGTA	AGCGGATAACAATTTCACACAGG
S145	AGAACGACTTCCATACTCGTGTGA	CCCAGTCACGACGTTGTAAAACG	ACTGGTGCAGCTTTGAACATCTAG	AGCGGATAACAATTTCACACAGG
S146	AGAACGACTTCCATACTCGTGTGA	CCCAGTCACGACGTTGTAAAACG	ATGGACTTTGGTAACTTCCTGCGT	AGCGGATAACAATTTCACACAGG
S147	AGAACGACTTCCATACTCGTGTGA	CCCAGTCACGACGTTGTAAAACG	GTTGAATGAGCCTACTGGGTCCTC	AGCGGATAACAATTTCACACAGG
S148	AGAACGACTTCCATACTCGTGTGA	CCCAGTCACGACGTTGTAAAACG	TGAGAGACAAGATTGTTCGTGGAC	AGCGGATAACAATTTCACACAGG
S149	AGAACGACTTCCATACTCGTGTGA	CCCAGTCACGACGTTGTAAAACG	AGATTCAGACCGTCTCATGCAAAG	AGCGGATAACAATTTCACACAGG
S150	AGAACGACTTCCATACTCGTGTGA	CCCAGTCACGACGTTGTAAAACG	CAAGAGCTTTGACTAAGGAGCATG	AGCGGATAACAATTTCACACAGG
S151	AGAACGACTTCCATACTCGTGTGA	CCCAGTCACGACGTTGTAAAACG	TGGAAGATGAGACCCTGATCTACG	AGCGGATAACAATTTCACACAGG
S152	AGAACGACTTCCATACTCGTGTGA	CCCAGTCACGACGTTGTAAAACG	TCACTACTCAACAGGTGGCATGAA	AGCGGATAACAATTTCACACAGG
S153	AGAACGACTTCCATACTCGTGTGA	CCCAGTCACGACGTTGTAAAACG	GCTAGGTCAATCTCCTTCGGAAGT	AGCGGATAACAATTTCACACAGG
S154	AGAACGACTTCCATACTCGTGTGA	CCCAGTCACGACGTTGTAAAACG	CAGGTTACTCCTCCGTGAGTCTGA	AGCGGATAACAATTTCACACAGG
S155	AGAACGACTTCCATACTCGTGTGA	CCCAGTCACGACGTTGTAAAACG	TCAATCAAGAAGGGAAAGCAAGGT	AGCGGATAACAATTTCACACAGG
S156	AGAACGACTTCCATACTCGTGTGA	CCCAGTCACGACGTTGTAAAACG	CATGTTCAACCAAGGCTTCTATGG	AGCGGATAACAATTTCACACAGG
S157	AACGAGTCTCTTGGGACCCATAGA	CCCAGTCACGACGTTGTAAAACG	AGAGGGTACTATGTGCCTCAGCAC	AGCGGATAACAATTTCACACAGG
S158	AACGAGTCTCTTGGGACCCATAGA	CCCAGTCACGACGTTGTAAAACG	CACCCACACTTACTTCAGGACGTA	AGCGGATAACAATTTCACACAGG
S159	AACGAGTCTCTTGGGACCCATAGA	CCCAGTCACGACGTTGTAAAACG	TTCTGAAGTTCCTGGGTCTTGAAC	AGCGGATAACAATTTCACACAGG
S160	AACGAGTCTCTTGGGACCCATAGA	CCCAGTCACGACGTTGTAAAACG	GACAGACACCGTTCATCGACTTTC	AGCGGATAACAATTTCACACAGG
S161	AACGAGTCTCTTGGGACCCATAGA	CCCAGTCACGACGTTGTAAAACG	TTCTCAGTCTTCCTCCAGACAAGG	AGCGGATAACAATTTCACACAGG
S162	AACGAGTCTCTTGGGACCCATAGA	CCCAGTCACGACGTTGTAAAACG	CCGATCCTTGTGGCTTCTAACTTC	AGCGGATAACAATTTCACACAGG
S163	AACGAGTCTCTTGGGACCCATAGA	CCCAGTCACGACGTTGTAAAACG	GTTTGTCATACTCGTGTGCTCACC	AGCGGATAACAATTTCACACAGG
S164	AACGAGTCTCTTGGGACCCATAGA	CCCAGTCACGACGTTGTAAAACG	GAATCTAAGCAAACACGAAGGTGG	AGCGGATAACAATTTCACACAGG
S165	AACGAGTCTCTTGGGACCCATAGA	CCCAGTCACGACGTTGTAAAACG	TACAGTCCGAGCCTCATGTGATCT	AGCGGATAACAATTTCACACAGG
S166	AACGAGTCTCTTGGGACCCATAGA	CCCAGTCACGACGTTGTAAAACG	ACCGAGATCCTACGAATGGAGTGT	AGCGGATAACAATTTCACACAGG
S167	AACGAGTCTCTTGGGACCCATAGA	CCCAGTCACGACGTTGTAAAACG	CCTGGGAGCATCAGGTAGTAACAG	AGCGGATAACAATTTCACACAGG
S168	AACGAGTCTCTTGGGACCCATAGA	CCCAGTCACGACGTTGTAAAACG	TAGCTGACTGTCTTCCATACCGAC	AGCGGATAACAATTTCACACAGG
S169	AGGTCTACCTCGCTAACACCACTG	CCCAGTCACGACGTTGTAAAACG	AAGAAACAGGATGACAGAACCCTC	AGCGGATAACAATTTCACACAGG
S170	AGGTCTACCTCGCTAACACCACTG	CCCAGTCACGACGTTGTAAAACG	TACAAGCATCCCAACACTTCCACT	AGCGGATAACAATTTCACACAGG
S171	AGGTCTACCTCGCTAACACCACTG	CCCAGTCACGACGTTGTAAAACG	GACCATTGTGATGAACCCTGTTGT	AGCGGATAACAATTTCACACAGG
S172	AGGTCTACCTCGCTAACACCACTG	CCCAGTCACGACGTTGTAAAACG	ATGCTTGTTACATCAACCCTGGAC	AGCGGATAACAATTTCACACAGG
S173	AGGTCTACCTCGCTAACACCACTG	CCCAGTCACGACGTTGTAAAACG	CGACCTGTTTCTCAGGGATACAAC	AGCGGATAACAATTTCACACAGG
S174	AGGTCTACCTCGCTAACACCACTG	CCCAGTCACGACGTTGTAAAACG	AACAACCGAACCTTTGAATCAGAA	AGCGGATAACAATTTCACACAGG
S175	AGGTCTACCTCGCTAACACCACTG	CCCAGTCACGACGTTGTAAAACG	TCTCGGAGATAGTTCTCACTGCTG	AGCGGATAACAATTTCACACAGG
S176	AGGTCTACCTCGCTAACACCACTG	CCCAGTCACGACGTTGTAAAACG	CGGATGAACATAGGATAGCGATTC	AGCGGATAACAATTTCACACAGG
S177	AGGTCTACCTCGCTAACACCACTG	CCCAGTCACGACGTTGTAAAACG	CCTCATCTTGTGAAGTTGTTTCGG	AGCGGATAACAATTTCACACAGG
S178	AGGTCTACCTCGCTAACACCACTG	CCCAGTCACGACGTTGTAAAACG	ACGGTATGTCGAGTTCCAGGACTA	AGCGGATAACAATTTCACACAGG
S179	AGGTCTACCTCGCTAACACCACTG	CCCAGTCACGACGTTGTAAAACG	TGGCTTGATCTAGGTAAGGTCGAA	AGCGGATAACAATTTCACACAGG
S180	AGGTCTACCTCGCTAACACCACTG	CCCAGTCACGACGTTGTAAAACG	GTAGTGGACCTAGAACCTGTGCCA	AGCGGATAACAATTTCACACAGG
S181	CGTCAACTGACAGTGGTTCGTACT	CCCAGTCACGACGTTGTAAAACG	AACGGAGGAGTTAGTTGGATGATC	AGCGGATAACAATTTCACACAGG
S182	CGTCAACTGACAGTGGTTCGTACT	CCCAGTCACGACGTTGTAAAACG	AGGTGATCCCAACAAGCGTAAGTA	AGCGGATAACAATTTCACACAGG
S183	CGTCAACTGACAGTGGTTCGTACT	CCCAGTCACGACGTTGTAAAACG	TACATGCTCCTGTTGTTAGGGAGG	AGCGGATAACAATTTCACACAGG
S184	CGTCAACTGACAGTGGTTCGTACT	CCCAGTCACGACGTTGTAAAACG	TCTTCTACTACCGATCCGAAGCAG	AGCGGATAACAATTTCACACAGG
S185	CGTCAACTGACAGTGGTTCGTACT	CCCAGTCACGACGTTGTAAAACG	ACAGCATCAATGTTTGGCTAGTTG	AGCGGATAACAATTTCACACAGG
S186	CGTCAACTGACAGTGGTTCGTACT	CCCAGTCACGACGTTGTAAAACG	GATGTAGAGGGTACGGTTTGAGGC	AGCGGATAACAATTTCACACAGG
S187	CGTCAACTGACAGTGGTTCGTACT	CCCAGTCACGACGTTGTAAAACG	GGCTCCATAGGAACTCACGCTACT	AGCGGATAACAATTTCACACAGG
S188	CGTCAACTGACAGTGGTTCGTACT	CCCAGTCACGACGTTGTAAAACG	TTGTGAGTGGAAAGATACAGGACC	AGCGGATAACAATTTCACACAGG
S189	CGTCAACTGACAGTGGTTCGTACT	CCCAGTCACGACGTTGTAAAACG	AGTTTCCATCACTTCAGACTTGGG	AGCGGATAACAATTTCACACAGG
S190	CGTCAACTGACAGTGGTTCGTACT	CCCAGTCACGACGTTGTAAAACG	GATTGTCCTCAAACTGCCACCTAC	AGCGGATAACAATTTCACACAGG
S191	CGTCAACTGACAGTGGTTCGTACT	CCCAGTCACGACGTTGTAAAACG	CCTGTCTGGAAGAAGAATGGACTT	AGCGGATAACAATTTCACACAGG
S192	CGTCAACTGACAGTGGTTCGTACT	CCCAGTCACGACGTTGTAAAACG	CTGAACGGTCATAGAGTCCACCAT	AGCGGATAACAATTTCACACAGG
S193	ACCCTCCAGGAAAGTACCTCTGAT	CCCAGTCACGACGTTGTAAAACG	AAGAAAGTTGTCGGTGTCTTTGTG	AGCGGATAACAATTTCACACAGG
S194	ACCCTCCAGGAAAGTACCTCTGAT	CCCAGTCACGACGTTGTAAAACG	TCGATTCCGTTTGTAGTCGTCTGT	AGCGGATAACAATTTCACACAGG
S195	ACCCTCCAGGAAAGTACCTCTGAT	CCCAGTCACGACGTTGTAAAACG	GAGTCTTGTGTCCCAGTTACCAGG	AGCGGATAACAATTTCACACAGG
S196	ACCCTCCAGGAAAGTACCTCTGAT	CCCAGTCACGACGTTGTAAAACG	TTCGGATTCTATCGTGTTTCCCTA	AGCGGATAACAATTTCACACAGG
S197	ACCCTCCAGGAAAGTACCTCTGAT	CCCAGTCACGACGTTGTAAAACG	CTTGTCCAGGGTTTGTGTAACCTT	AGCGGATAACAATTTCACACAGG
S198	ACCCTCCAGGAAAGTACCTCTGAT	CCCAGTCACGACGTTGTAAAACG	TTCTCGCAAAGGCAGAAAGTAGTC	AGCGGATAACAATTTCACACAGG
S199	ACCCTCCAGGAAAGTACCTCTGAT	CCCAGTCACGACGTTGTAAAACG	GTGTTACCGTGGGAATGAATCCTT	AGCGGATAACAATTTCACACAGG
S200	ACCCTCCAGGAAAGTACCTCTGAT	CCCAGTCACGACGTTGTAAAACG	TTCAGGGAACAAACCAAGTTACGT	AGCGGATAACAATTTCACACAGG
